codigo_pais,pais,dep,ciudad,PROV,nomprov,sec,nombremunicipio,idloc,AsientoElectoral,dist,nomdist,zona,nomzona,CIRCUNDIST,RECI,recinto_electoral,cantidadMesas,inscritos_habilitados,Inhabilitados,Depurados
4,ALEMANIA,61,BERLIN,1,BERLÍN,1,BERLIN,3804,BERLIN,1,DISTRITO BERLIN,101,ZONA BERLIN,0,25129,EMBAJADA,2,287,3,0
11,ARGENTINA,10,BUENOS AIRES,6,BERAZATEGUI,1,BERAZATEGUI,4138,12 DE OCTUBRE,1,DISTRITO 12 DE OCTUBRE,1,12 DE OCTUBRE,0,25063,I-QUILMES BERAZATEGUI-ESCUELA SECUNDARIA Nº6 JUAN DOMINGO PERON,10,2375,8,11
11,ARGENTINA,10,BUENOS AIRES,1,BUENOS AIRES,1,C.A. BUENOS AIRES,3611,C.A. BUENOS AIRES,1,DISTRITO BUENOS AIRES,101,ZONA A,0,25055,A-ESC. PRIMARIA COMÚN Nº 16 PRESIDENTE BARTOLOME MITRE,13,2958,9,36
11,ARGENTINA,10,BUENOS AIRES,1,BUENOS AIRES,1,C.A. BUENOS AIRES,3611,C.A. BUENOS AIRES,1,DISTRITO BUENOS AIRES,101,ZONA A,0,25157,A-ESC. PRIMARIA COMÚN N° 03 DR. ONÉSIMO LEGUIZAMÓN,8,1900,7,14
11,ARGENTINA,10,BUENOS AIRES,1,BUENOS AIRES,1,C.A. BUENOS AIRES,3611,C.A. BUENOS AIRES,1,DISTRITO BUENOS AIRES,101,ZONA A,0,25162,A-ESCUELA TÉCNICA Nº 29 D.E. 06 RECONQUISTA DE BUENOS AIRES ,7,1533,3,21
11,ARGENTINA,10,BUENOS AIRES,1,BUENOS AIRES,1,C.A. BUENOS AIRES,3611,C.A. BUENOS AIRES,1,DISTRITO BUENOS AIRES,102,ZONA B,0,25056,B-ESC. DE EDUCACIÓN MEDIA N° 02/13° ESCUELA DEL PARQUE,10,2212,7,14
11,ARGENTINA,10,BUENOS AIRES,1,BUENOS AIRES,1,C.A. BUENOS AIRES,3611,C.A. BUENOS AIRES,1,DISTRITO BUENOS AIRES,102,ZONA B,0,25158,B-COLEGIO Nº 18 DR. ALBERTO LARROQUE,11,2553,13,13
11,ARGENTINA,10,BUENOS AIRES,1,BUENOS AIRES,1,C.A. BUENOS AIRES,3611,C.A. BUENOS AIRES,1,DISTRITO BUENOS AIRES,102,ZONA B,0,25163,B-ESCUELA DE JORNADA COMPLETA Nº 08 D.E. 20 DR. DALMACIO VÉLEZ SÁRSFIELD,8,1765,2,26
11,ARGENTINA,10,BUENOS AIRES,1,BUENOS AIRES,1,C.A. BUENOS AIRES,3611,C.A. BUENOS AIRES,1,DISTRITO BUENOS AIRES,102,ZONA B,0,25166,B-ESCUELA DE JORNADA COMPLETA Nº 18 D.E. 20 REPÚBLICA DE COREA ,11,2422,10,16
11,ARGENTINA,10,BUENOS AIRES,1,BUENOS AIRES,1,C.A. BUENOS AIRES,3611,C.A. BUENOS AIRES,1,DISTRITO BUENOS AIRES,102,ZONA B,0,25167,B-ESCUELA DE JORNADA SIMPLE Nº 07 D.E. 18 REPUBLICA ARABE DE EGIPTO,7,1523,5,9
11,ARGENTINA,10,BUENOS AIRES,1,BUENOS AIRES,1,C.A. BUENOS AIRES,3611,C.A. BUENOS AIRES,1,DISTRITO BUENOS AIRES,102,ZONA B,0,25173,B-ESCUELA N° 3 DE 20 REPUBLICA FRANCESA,12,2634,16,11
11,ARGENTINA,10,BUENOS AIRES,1,BUENOS AIRES,1,C.A. BUENOS AIRES,3611,C.A. BUENOS AIRES,1,DISTRITO BUENOS AIRES,102,ZONA B,0,25174,B-ESCUELA JORNADA SIMPLE  N° 22 DE 13 SANTA MARIA DE BS. AS,13,3084,9,13
11,ARGENTINA,10,BUENOS AIRES,1,BUENOS AIRES,1,C.A. BUENOS AIRES,3611,C.A. BUENOS AIRES,1,DISTRITO BUENOS AIRES,103,ZONA C,0,25057,C-ESCUELA N° 22 DE 11 HIPÓLITO BOUCHARD,13,3017,19,18
11,ARGENTINA,10,BUENOS AIRES,1,BUENOS AIRES,1,C.A. BUENOS AIRES,3611,C.A. BUENOS AIRES,1,DISTRITO BUENOS AIRES,103,ZONA C,0,25160,C-ESCUELA N° 12 DE 19 JOSÉ ENRIQUE RODO,16,3635,19,19
11,ARGENTINA,10,BUENOS AIRES,1,BUENOS AIRES,1,C.A. BUENOS AIRES,3611,C.A. BUENOS AIRES,1,DISTRITO BUENOS AIRES,103,ZONA C,0,25161,C-CENTRO EDUCATIVO NS  N° 30  DE 8 DE NIVEL SECUNDARIO,9,1945,2,21
11,ARGENTINA,10,BUENOS AIRES,1,BUENOS AIRES,1,C.A. BUENOS AIRES,3611,C.A. BUENOS AIRES,1,DISTRITO BUENOS AIRES,103,ZONA C,0,25164,C-ESCUELA N° 4 DE 11 BENJAMÍN ZORRILA,12,2704,13,19
11,ARGENTINA,10,BUENOS AIRES,1,BUENOS AIRES,1,C.A. BUENOS AIRES,3611,C.A. BUENOS AIRES,1,DISTRITO BUENOS AIRES,103,ZONA C,0,25165,C-ESCUELA TÉCNICA N° 17  DE  13  BRIGADIER GENERAL CORNELIO SAAVEDRA,9,1978,2,15
11,ARGENTINA,10,BUENOS AIRES,1,BUENOS AIRES,1,C.A. BUENOS AIRES,3611,C.A. BUENOS AIRES,1,DISTRITO BUENOS AIRES,103,ZONA C,0,25168,C-ESCUELA Nº 13 D.E. 19 “PRESBÍTERO ALBERTI”,11,2487,7,12
11,ARGENTINA,10,BUENOS AIRES,1,BUENOS AIRES,1,C.A. BUENOS AIRES,3611,C.A. BUENOS AIRES,1,DISTRITO BUENOS AIRES,104,ZONA D,0,25058,D-ESC. DE EDUCACION MEDIA N° 06/01° PADRE CARLOS MUGICA,9,2058,3,7
11,ARGENTINA,10,BUENOS AIRES,1,BUENOS AIRES,1,C.A. BUENOS AIRES,3611,C.A. BUENOS AIRES,1,DISTRITO BUENOS AIRES,104,ZONA D,0,25189,D-ESCUELA DE JORNADA COMPLETA Nº 16 D.E. 05 SABINA BOVE DE BOZALLA,6,1378,4,9
11,ARGENTINA,10,BUENOS AIRES,1,BUENOS AIRES,1,C.A. BUENOS AIRES,3611,C.A. BUENOS AIRES,1,DISTRITO BUENOS AIRES,104,ZONA D,0,25190,D-ESCUELA DE EDUCACION MEDIA N° 4  DE 19  HOMERO MANZI,8,1881,6,11
11,ARGENTINA,10,BUENOS AIRES,1,BUENOS AIRES,1,C.A. BUENOS AIRES,3611,C.A. BUENOS AIRES,1,DISTRITO BUENOS AIRES,105,ZONA E,0,25059,E-ESC. PRIMARIA COMÚN Nº 08 D.E. 13 REINO DE THAILANDIA,13,3069,8,27
11,ARGENTINA,10,BUENOS AIRES,1,BUENOS AIRES,1,C.A. BUENOS AIRES,3611,C.A. BUENOS AIRES,1,DISTRITO BUENOS AIRES,105,ZONA E,0,25169,E-ESC. PRIMARIA COMÚN Nº 17 D.E. 19 GASPAR LUCILO BENAVENTO,13,2910,11,25
11,ARGENTINA,10,BUENOS AIRES,1,BUENOS AIRES,1,C.A. BUENOS AIRES,3611,C.A. BUENOS AIRES,1,DISTRITO BUENOS AIRES,105,ZONA E,0,25172,E-ESCUELA DE JORNADA SIMPLE Nº 08 D.E. 21 JUDITH Y DEMETRIO DEMARCHI,12,2854,6,17
11,ARGENTINA,10,BUENOS AIRES,1,BUENOS AIRES,1,C.A. BUENOS AIRES,3611,C.A. BUENOS AIRES,1,DISTRITO BUENOS AIRES,105,ZONA E,0,25175,E-ESCUELA N° 16  DE 13 DR. TOMÁS A. LE BRETÓN,7,1677,1,17
11,ARGENTINA,10,BUENOS AIRES,1,BUENOS AIRES,1,C.A. BUENOS AIRES,3611,C.A. BUENOS AIRES,1,DISTRITO BUENOS AIRES,105,ZONA E,0,25191,E-ESCUELA DE JORNADA SIMPLE Nº 03 D.E. 21 CRISTÓBAL COLÓN,14,3288,10,11
11,ARGENTINA,10,BUENOS AIRES,11,CHACABUCO,1,CHACABUCO,4368,CHACABUCO,1,DISTRITO CHACABUCO,1,ZONA CHACABUCO,0,26080,POR DEFINIR - ZONA CHACABUCO,2,316,6,0
11,ARGENTINA,10,BUENOS AIRES,9,ESCOBAR,1,ESCOBAR,4141,BELÉN DE ESCOBAR,1,DISTRITO ESCOBAR,1,ESCOBAR,0,25146,K-ESCOBAR-ESC. SECUNDARIA BASICA Nº23,10,2280,10,12
11,ARGENTINA,10,BUENOS AIRES,4,ESTEBAN ECHEVERRÍA,1,ESTEBAN ECHEVERRÍA,4135,NUEVE DE ABRIL,1,DISTRITO NUEVE DE ABRIL,1,NUEVE DE ABRIL,0,25061,G-ESTEBAN ECHEVERIA-ESC. SECUNDARIA BASICA Nº4,13,3081,18,19
11,ARGENTINA,10,BUENOS AIRES,4,ESTEBAN ECHEVERRÍA,1,ESTEBAN ECHEVERRÍA,4135,NUEVE DE ABRIL,1,DISTRITO NUEVE DE ABRIL,1,NUEVE DE ABRIL,0,25185,H-OLIMPO-ESCUELA DE EDUCACIÓN PRIMARIA N°16 REPÚBLICA FRANCESA,13,3088,25,17
11,ARGENTINA,10,BUENOS AIRES,12,GENERAL PUEYRREDÓN,1,GENERAL PUEYRREDÓN,4369,MAR DEL PLATA,1,DISTRITO MAR DEL PLATA,1,MAR DEL PLATA,0,26081,POR DEFINIR - MAR DEL PLATA,3,728,9,0
11,ARGENTINA,10,BUENOS AIRES,2,ITUZAINGÓ,1,ITUZAINGÓ,4129,ITUZAINGÓ,1,DISTRITO ITUZAINGÓ,1,ITUZAINGÓ,0,25192,B1-ESC PRIMARIA NRO 3 JOSE MANUEL ESTRADA,9,2066,9,6
11,ARGENTINA,10,BUENOS AIRES,13,JOSÉ M. EZEIZA,1,JOSÉ M. EZEIZA,4370,CARLOS SPEGAZZINI,1,DISTRITO CARLOS SPEGAZZINI,1,CARLOS SPEGAZZINI,0,26082,POR DEFINIR - CARLOS SPEGAZZINI,2,386,4,0
11,ARGENTINA,10,BUENOS AIRES,3,LA MATANZA,1,LA MATANZA,4130,VILLA CELINA,1,DISTRITO VILLA CELINA,1,VILLA CELINA,0,25060,F-VILLA CELINA-ESCUELA SECUNDARIA Nº10,19,4534,24,15
11,ARGENTINA,10,BUENOS AIRES,3,LA MATANZA,1,LA MATANZA,4130,VILLA CELINA,1,DISTRITO VILLA CELINA,1,VILLA CELINA,0,25176,F-VILLA CELINA-ESCUELA PRIMARIA Nº 97 JUANA MANSO DE NORONHA,12,2814,12,14
11,ARGENTINA,10,BUENOS AIRES,3,LA MATANZA,1,LA MATANZA,4130,VILLA CELINA,1,DISTRITO VILLA CELINA,1,VILLA CELINA,0,25177,F-VILLA CELINA-ESCUELA DE EDUCACIÓN PRIMARIA  Nº 138 COMANDANTE LUIS PIEDRABUENA,26,6191,50,8
11,ARGENTINA,10,BUENOS AIRES,3,LA MATANZA,1,LA MATANZA,4130,VILLA CELINA,1,DISTRITO VILLA CELINA,1,VILLA CELINA,0,25178,F-VILLA CELINA-ESCUELA PRIMARIA Nº139 CONGRESO DE TUCUMAN,10,2386,9,16
11,ARGENTINA,10,BUENOS AIRES,3,LA MATANZA,1,LA MATANZA,4131,ISIDRO CASANOVA,1,DISTRITO ISIDRO CASANOVA,1,ISIDRO CASANOVA,0,25179,F-ISIDRO CASANOVA - ESCUELA SECUNDARIA Nº76,11,2608,8,24
11,ARGENTINA,10,BUENOS AIRES,3,LA MATANZA,1,LA MATANZA,4132,GREGORIO DE LAFERRERE,1,DISTRITO GREGORIO DE LAFERRERE,1,GREGORIO DE LAFERRERE,0,25180,F-LA FERRERE-ESCUELA PRIMARIA Nº 19,13,3036,9,17
11,ARGENTINA,10,BUENOS AIRES,3,LA MATANZA,1,LA MATANZA,4132,GREGORIO DE LAFERRERE,1,DISTRITO GREGORIO DE LAFERRERE,1,GREGORIO DE LAFERRERE,0,25181,F-LA FERRERE-ANEXO ESCUELA SECUNDARIA Nº 23,10,2161,5,20
11,ARGENTINA,10,BUENOS AIRES,3,LA MATANZA,1,LA MATANZA,4133,SAN JUSTO,1,DISTRITO SAN JUSTO,1,SAN JUSTO,0,25182,F-SAN JUSTO - ANEXO I DE ESCUELA SECUNDARIA Nº11,12,2799,11,35
11,ARGENTINA,10,BUENOS AIRES,3,LA MATANZA,1,LA MATANZA,4134,GONZÁLEZ CATÁN,1,DISTRITO GONZÁLEZ CATÁN,1,GONZÁLEZ CATÁN,0,25183,F-GONZALES CATAN-ESCUELA SECUNDARIA Nº51,8,1702,3,7
11,ARGENTINA,10,BUENOS AIRES,8,LA PLATA,1,LA PLATA,4140,LA PLATA,1,DISTRITO LA PLATA,1,LA PLATA,0,25064,J- LA PLATA-ESCUELA SECUNDARIA Nº34 ALMAFUERTE,12,2752,12,10
11,ARGENTINA,10,BUENOS AIRES,8,LA PLATA,1,LA PLATA,4140,LA PLATA,1,DISTRITO LA PLATA,1,LA PLATA,0,25187,J- LA PLATA-ESCUELA PRIMARIA N°5 CNL. DE MARINA TOMAS ESPORA,10,2166,7,15
11,ARGENTINA,10,BUENOS AIRES,8,LA PLATA,1,LA PLATA,4140,LA PLATA,1,DISTRITO LA PLATA,1,LA PLATA,0,25188,J- LA PLATA-ESCUELA PRIMARIA N°102 DR. DARDO ROCHA,11,2451,8,3
11,ARGENTINA,10,BUENOS AIRES,5,LOMAS DE ZAMORA,1,LOMAS DE ZAMORA,4136,INGENIERO BUDGE,1,DISTRITO INGENIERO BUDGE,1,INGENIERO BUDGE,0,25062,H-LOMAS-ESCUELA EGB NRO. 12 PRIMERA JUNTA,12,2702,11,25
11,ARGENTINA,10,BUENOS AIRES,5,LOMAS DE ZAMORA,1,LOMAS DE ZAMORA,4137,VILLA ALBERTINA,1,DISTRITO VILLA ALBERTINA,1,VILLA ALBERTINA,0,25184,H-LOMAS-EXTENSION DE ESCUELA SECUNDARIA Nº33,18,4240,24,26
11,ARGENTINA,10,BUENOS AIRES,10,PILAR,1,PILAR,4142,PILAR,1,DISTRITO PILAR,1,PILAR,0,25147,L-PILAR-ESCUELA DE EDUCACIÓN PRIMARIA Nº26 LORENZO LÓPEZ,15,3355,17,12
11,ARGENTINA,10,BUENOS AIRES,14,PINAMAR,1,PINAMAR,4371,PINAMAR,1,DISTRITO PINAMAR,1,PINAMAR,0,26083,POR DEFINIR - PINAMAR,6,1226,4,0
11,ARGENTINA,10,BUENOS AIRES,7,QUILMES,1,QUILMES,4139,EZPELETA,1,DISTRITO EZPELETA,1,EZPELETA,0,25186,I-QUILMES EZPELETA-ESC PRIMARIA NRO 52 GRAL. BARTOLOME MITRE.,13,2916,5,20
11,ARGENTINA,85,CHUBUT,9,BIEDMA,1,PUERTO MADRYN,4372,PUERTO MADRYN,1,DISTRITO PUERTO MADRYN,1,PUERTO MADRYN,0,26084,CENTRO DE RESIDENTES BOLIVIANOS WIÑAY,6,1270,10,0
11,ARGENTINA,85,CHUBUT,8,ESCALANTE,1,COMODORO RIVADAVIA,4073,COMODORO RIVADAVIA,1,DISTRITO COMODORO RIVADAVIA,101,ZONA COMODORO RIVADAVIA,0,25303,CENTRO CULTURAL DE COMODORO RIVADAVIA,8,1796,11,1
11,ARGENTINA,21,CORDOBA,5,CAPITAL,1,CORDOBA,3762,CORDOBA,1,DISTRITO CORDOBA,101,ZONA CORDOBA,0,25087,A-IPEM Nº 86 GABRIELA MISTRAL,10,2198,13,12
11,ARGENTINA,21,CORDOBA,5,CAPITAL,1,CORDOBA,3762,CORDOBA,1,DISTRITO CORDOBA,102,ZONA VILLA EL LIBERADOR,0,25154,B-CPC VILLA EL LIBERTADOR,7,1499,5,3
11,ARGENTINA,21,CORDOBA,6,GENERAL SAN MARTÍN,1,VILLA MARÍA,4147,VILLA MARÍA,1,DISTRITO VILLA MARÍA,1,VILLA MARÍA,0,25193,C-IPEM Nº 147 MANUEL ANSELMO OCAMPO,2,414,2,1
11,ARGENTINA,21,CORDOBA,7,RÍO CUARTO,1,RÍO CUARTO,4373,RÍO CUARTO,1,DISTRITO RÍO CUARTO,1,RÍO CUARTO,0,26085,ESCUELA LEOPOLDO LUGONES,2,296,2,0
11,ARGENTINA,21,CORDOBA,8,SAN JAVIER,1,VILLA DOLORES,4374,VILLA DOLORES,1,DISTRITO VILLA DOLORES,1,VILLA DOLORES,0,26086,C.I.C. DISPENSARIO,1,152,1,0
11,ARGENTINA,87,CORRIENTES,1,LAVALLE,1,SANTA LUCÍA,4375,SANTA LUCÍA,1,DISTRITO SANTA LUCÍA,1,SANTA LUCÍA,0,26087,POR DEFINIR - SANTA LUCÍA,2,468,5,0
11,ARGENTINA,12,JUJUY,3,DR. MANUEL BELGRANO,1,SAN SALVADOR DE JUJUY,3613,SAN SALVADOR DE JUJUY,1,DISTRITO JUJUY,101,ZONA JUJUY,0,25066,ESCUELA NORMAL SUPERIOR JUAN IGNACIO GORRITI,33,7832,32,41
11,ARGENTINA,12,JUJUY,5,EL CARMEN,1,PERICO,4376,PERICO,1,DISTRITO PERICO,1,PERICO,0,26088,POR DEFINIR - PERICO,2,400,0,0
11,ARGENTINA,12,JUJUY,6,SAN PEDRO,1,SAN PEDRO DE JUJUY,4377,SAN PEDRO,1,DISTRITO SAN PEDRO,1,SAN PEDRO,0,26089,POR DEFINIR - SAN PEDRO,2,280,0,0
11,ARGENTINA,12,JUJUY,4,YAVÍ,2,LA QUIACA,3760,LA QUIACA,1,DISTRITO LA QUIACA,101,ZONA LA QUIACA,0,25067,ESCUELA DE MINAS DR. HORACIO CARRILLO SEDE LA QUIACA,3,533,2,5
11,ARGENTINA,96,LA PAMPA,1,CAPITAL,1,SANTA ROSA,4391,SANTA ROSA,1,DISTRITO SANTA ROSA,1,SANTA ROSA,0,26103,POR DEFINIR - SANTA ROSA,1,125,2,0
11,ARGENTINA,88,LA RIOJA,1,CHILECITO,1,CHILECITO,4378,VICHIGASTA,1,DISTRITO VICHIGASTA,1,VICHIGASTA,0,26090,DELEGACION MUNICIPAL DE VICHIGASTA,3,496,13,0
11,ARGENTINA,11,MENDOZA,2,CAPITAL,1,CAPITAL,3612,MENDOZA,1,DISTRITO MENDOZA,101,ZONA MENDOZA,0,25065,ESCUELA “PATRICIAS MENDOCINAS”,17,3884,13,31
11,ARGENTINA,11,MENDOZA,4,LUJÁN DE CUYO,1,LUJÁN DE CUYO,4144,UGARTECHE,1,DISTRITO UGARTECHE,1,UGARTECHE,0,25149,ESCUELA LUIS BALDINI,11,2531,15,9
11,ARGENTINA,11,MENDOZA,3,MAIPÚ,1,MAIPÚ,4143,RODEO DEL MEDIO,1,DISTRITO RODEO DEL MEDIO,1,RODEO DEL MEDIO,0,25148,ESCUELA “JOHN FITZGERALD KENNEDY”,15,3401,16,10
11,ARGENTINA,11,MENDOZA,5,SAN CARLOS,1,SAN CARLOS,4145,VILLA SAN CARLOS,1,DISTRITO VILLA SAN CARLOS,1,VILLA SAN CARLOS,0,25150,ESCUELA FUERTE SAN CARLOS,6,1375,12,7
11,ARGENTINA,11,MENDOZA,6,SAN RAFAEL,1,SAN RAFAEL,4146,SALTO DE LAS ROSAS,1,DISTRITO SALTO DE LAS ROSAS,1,SALTO DE LAS ROSAS,0,25151,ESCUELA “PEDRO GOYENA”,3,557,2,4
11,ARGENTINA,89,NEUQUÉN,1,CONFLUENCIA,1,CENTENARIO,4379,CENTENARIO,1,DISTRITO CENTENARIO,1,CENTENARIO,0,26091,POR DEFINIR - CENTENARIO,4,789,4,0
11,ARGENTINA,23,RIO NEGRO,7,ADOLFO ALSINA,1,VIEDMA,3766,VIEDMA,1,DISTRITO VIEDMA,101,ZONA VIEDMA,0,25091,UNIVERSIDAD NACIONAL DE RIO NEGRO,5,1095,6,1
11,ARGENTINA,22,SALTA,6,CAPITAL,1,SALTA,3763,SALTA,1,DISTRITO SALTA,101,ZONA SALTA,0,25088,COLEGIO NACIONAL SALTA Nº5080,11,2590,4,13
11,ARGENTINA,22,SALTA,7,GENERAL JOSÉ DE SAN MARTÍN,1,PROFESOR SALVADOR MAZZA,3764,PROFESOR SALVADOR MAZZA,1,DISTRITO POCITOS,101,ZONA POCITOS,0,25089,MUNICIPALIDAD DE PROFESOR SALVADOR MAZZA,2,392,3,1
11,ARGENTINA,22,SALTA,7,GENERAL JOSÉ DE SAN MARTÍN,2,TARTAGAL,4380,TARTAGAL,1,DISTRITO TARTAGAL,1,TILCARA,0,26092,SALÓN DE LA CULTURA,1,72,1,0
11,ARGENTINA,22,SALTA,8,ORÁN,1,SAN RAMÓN DE LA NUEVA ORÁN,3765,SAN RAMÓN DE LA NUEVA ORÁN,1,DISTRITO ORAN,101,ZONA ORAN,0,25090,ESCUELA DE COMERCIO JULIO CORTEZ Nº 5091,5,1083,2,2
11,ARGENTINA,90,SAN JUAN,1,POCITO,1,POCITO,4381,LA RINCONADA - POCITO,1,DISTRITO LA RINCONADA - POCITO,1,LA RINCONADA - POCITO,0,26093,ESCUELA DR. ANTONIO ABERASTAIN SCHOOL,3,605,8,0
11,ARGENTINA,91,SAN LUIS,1,JUAN MARTÍN DE PUEYRREDÓN,1,SAN LUIS,4382,SAN LUIS,1,DISTRITO SAN LUIS,1,SAN LUIS,0,26094,ESCUELA NORMAL DE NINAS PAULA DOMINGUEZ DE BAZAN,2,384,4,0
11,ARGENTINA,92,SANTA CRUZ,1,DESEADO,1,DESEADO,4383,PUERTO DESEADO,1,DISTRITO PUERTO DESEADO,1,PUERTO DESEADO,0,26095,POR DEFINIR - PUERTO DESEADO,1,234,2,0
11,ARGENTINA,92,SANTA CRUZ,2,GÜER AIKE,1,GÜER AIKE,4384,RÍO GALLEGOS,1,DISTRITO RÍO GALLEGOS,1,RÍO GALLEGOS,0,26096,PASTORAL DE RÍO GALLEGOS,4,864,11,0
11,ARGENTINA,20,SANTA FE,4,SANTA FE,1,ROSARIO,3761,ROSARIO,1,DISTRITO ROSARIO,101,ZONA ROSARIO,0,25086,ESCUELA REPÚBLICA DE BOLIVIA,5,1185,8,1
11,ARGENTINA,93,TUCUMÁN,1,LULES,1,LULES,4385,LULES,1,DISTRITO LULES,1,LULES,0,26097,POR DEFINIR - LULES,2,433,5,0
17,AUSTRIA,60,VIENNA,1,VIENNA,1,VIENNA,3803,VIENNA,1,DISTRITO VIENNA,101,ZONA VIENNA,0,25128,EMBAJADA,1,100,0,0
24,BELGICA,62,BRUSELAS,1,BRUSELAS,1,BRUSELAS,3805,BRUSELAS,1,DISTRITO BRUSELAS,101,ZONA BRUSELAS,0,25130,CASA DE AMERICA LATINA,1,234,1,1
34,BRASIL,79,ACRE,7,BRASILEA,1,EPITACIOLÂNDIA,3896,EPITACIOLÂNDIA,1,DISTRITO EPITACIOLÂNDIA,101,ZONA VILA VITORIA,0,26114,ESCUELA ESTADUAL BRASIL BOLIVIA,1,68,1,0
34,BRASIL,32,DISTR. FEDERAL,2,BRASILIA,1,BRASILIA,3775,BRASILIA,1,DISTRITO BRASILIA,101,ZONA BRASILIA,0,25100,EMBAJADA DE BOLIVIA,1,96,2,0
34,BRASIL,78,M.GROSSO DO SUL,6,BAJO PANTANAL,1,CORUMBÁ,3897,CORUMBÁ,1,DISTRITO CORUMBA - MS,101,ZONA CORUMBA - MS,0,26115,CYRIACO FÉLIX DE TOLEDO,1,232,1,5
34,BRASIL,34,MATO GROSSO,4,CACERES,1,CACERES,3777,CACERES,1,DISTRITO CACERES,101,ZONA CACERES,0,25102,ESCOLA MUNICIPAL BUSCANDO O SABER,1,141,1,0
34,BRASIL,33,RIO DE JANEIRO,3,RIO DE JANEIRO,1,RIO DE JANEIRO,3776,RIO DE JANEIRO,1,DISTRITO RIO DE JANEIRO,101,ZONA RIO DE JANEIRO,0,25101,CONSULADO,2,314,1,4
34,BRASIL,35,RONDONIA,5,GUAJARA MIRIM,1,GUAJARA MIRIM,3778,GUAJARA MIRIM,1,DISTRITO GUAJARA MIRIM,101,ZONA GUAJARA MIRIM,0,25103,CONSULADO,3,710,3,7
34,BRASIL,18,SAO PAULO,1,SAO PAULO,4,CARAPICUÍBA,4386,CARAPICUÍBA,1,DISTRITO CARAPICUÍBA,1,CARAPICUÍBA,0,26098,ESC. MUN. EDUC. FUNDAMENTAL PROFESSORA NAI MOLINA DO AMARAL,4,964,4,0
34,BRASIL,18,SAO PAULO,1,SAO PAULO,2,GUARULHOS,4151,GUARULHOS,1,DISTRITO GUARULHOS,2,ZONA GUARULHOS,0,26121,C-ESCOLA PREFEITURA GUARULHOS PROF. SILVIA DE CASSIA MATIAS,13,2917,9,27
34,BRASIL,18,SAO PAULO,1,SAO PAULO,2,GUARULHOS,4151,GUARULHOS,1,DISTRITO GUARULHOS,2,ZONA GUARULHOS,0,26122,CENTRO DA INTEGRAÇÄO DA CIDADANIA,5,1137,13,1
34,BRASIL,18,SAO PAULO,1,SAO PAULO,5,ITAQUAQUECETUBA,4387,ITAQUAQUECETUBA,1,DISTRITO ITAQUAQUECETUBA,1,ITAQUAQUECETUBA,0,26099,ESCUELA ESTADUAL HOMERO FERNANDO MILANO,5,998,11,0
34,BRASIL,18,SAO PAULO,1,SAO PAULO,3,MAUÁ,4155,MAUÁ,1,DISTRITO JARDIM SANTA ADELIA,1,ZONA F,0,25083,F-ESCOLA ESTADUAL WALTER BELIAN,7,1636,6,19
34,BRASIL,18,SAO PAULO,1,SAO PAULO,6,SAO JOSÉ DO RIO PRETO,4388,SAO JOSÉ DO RIO PRETO,1,DISTRITO SAO JOSÉ DO RIO PRETO,1,SAO JOSÉ DO RIO PRETO,0,26100,ESCOLA MUNICIPAL NICE BEOLCHI NUNES FERREIRA,3,500,8,0
34,BRASIL,18,SAO PAULO,1,SAO PAULO,1,SAO PAULO,3619,SAO PAULO,1,DISTRITO SAO PAULO,101,ZONA A,0,25078,A-ESCUELA ESTADUAL PROF. COLOMBO DE ALMEIDA,19,4297,24,23
34,BRASIL,18,SAO PAULO,1,SAO PAULO,1,SAO PAULO,3619,SAO PAULO,1,DISTRITO SAO PAULO,102,ZONA B,0,25079,B-ESC. MUN. EDU.FUNDAMENTAL VEREADOR ANTONIO SAMPAIO,12,2628,16,33
34,BRASIL,18,SAO PAULO,1,SAO PAULO,1,SAO PAULO,3619,SAO PAULO,1,DISTRITO SAO PAULO,102,ZONA B,0,25200,B-ESCUELA ESTADUAL PROVINCIA DE NAGASAKI,19,4352,21,15
34,BRASIL,18,SAO PAULO,1,SAO PAULO,1,SAO PAULO,3619,SAO PAULO,1,DISTRITO SAO PAULO,105,ZONA E,0,25201,E-ESCUELA ESTADUAL MARECHAL DEODORO,13,2918,12,12
34,BRASIL,18,SAO PAULO,1,SAO PAULO,1,SAO PAULO,3619,SAO PAULO,1,DISTRITO SAO PAULO,105,ZONA E,0,25202,E-INST. CIENCIA TECNOLOGIA  SÃO PAULO,22,5070,33,13
34,BRASIL,18,SAO PAULO,1,SAO PAULO,1,SAO PAULO,3619,SAO PAULO,1,DISTRITO SAO PAULO,105,ZONA E,0,25204,E-ESCUELA TÉCNICA ESTADUAL CARLOS DE CAMPOS,21,4939,18,27
34,BRASIL,18,SAO PAULO,1,SAO PAULO,1,SAO PAULO,3619,SAO PAULO,1,DISTRITO SAO PAULO,105,ZONA E,0,25205,E-ESCUELA ESTADUAL ORESTES GUIMARÃES,14,3104,7,32
34,BRASIL,18,SAO PAULO,1,SAO PAULO,1,SAO PAULO,3619,SAO PAULO,1,DISTRITO SAO PAULO,106,ZONA F,0,25305,F-ESCUELA ESTADUAL EDUARDO PRADO,22,5218,35,2
34,BRASIL,18,SAO PAULO,1,SAO PAULO,1,SAO PAULO,3619,SAO PAULO,1,DISTRITO SAO PAULO,111,ZONA BELENZINHO,0,26123,ESCOLA MUNICIPAL ENSINO FUNDAMENTAL ANALIA FRANCO BASTOS,15,3554,22,11
40,CANADÁ,55,ONTARIO,1,OTTAWA,1,OTTAWA,3798,OTTAWA,1,DISTRITO OTTAWA,101,ZONA OTTAWA,0,25123,EMBAJADA DE BOLIVIA,1,111,1,0
44,CHILE,38,ANTOFAGASTA,3,ANTOFAGASTA,1,ANTOFAGASTA,3781,ANTOFAGASTA,1,DISTRITO ANTOFAGASTA,101,ZONA ANTOFAGASTA,0,25106,LICEO A-17 MARTA NAREA DIAZ,30,6929,56,17
44,CHILE,38,ANTOFAGASTA,4,EL LOA,1,CALAMA,3782,CALAMA,1,DISTRITO CALAMA,101,ZONA CALAMA,0,25107,ESCUELA BÁSICA D-37 REPÚBLICA DE BOLIVIA,38,8932,99,20
44,CHILE,37,ARICA,2,ARICA,1,ARICA,3780,ARICA,1,DISTRITO ARICA,101,ZONA ARICA,0,25105,COLEGIO INTEGRADO EDUARDO FREI MONTALVA,14,3150,24,13
44,CHILE,94,ATACAMA,1,COPIAPÓ,1,COPIAPÓ,4389,COPIAPÓ,1,DISTRITO COPIAPÓ,1,COPIAPÓ,0,26101,SALÓN ALICANTO - DEPENDENCIAS MUNICIPALES,6,1257,23,0
44,CHILE,36,METROPOLITANA,1,SANTIAGO,1,SANTIAGO,3779,SANTIAGO,1,DISTRITO SANTIAGO,101,ZONA SANTIAGO,0,25104,PARROQUIA LATINOAMERICANA NUESTRA SEÑORA DE POMPEYA,17,3983,45,6
44,CHILE,39,TARAPACA,5,IQUIQUE,1,IQUIQUE,3783,IQUIQUE,1,DISTRITO IQUIQUE,101,ZONA IQUIQUE,0,25108,LA ARAUCANA,29,6692,58,15
45,CHINA,70,BEIJIN,1,BEIJIN,1,BEIJIN,3813,BEIJIN,1,DISTRITO BEIJIN,101,ZONA BEIJIN,0,25138,EMBAJADA,1,61,0,0
49,COLOMBIA,41,CUNDINAMARCA,1,BOGOTÁ,1,BOGOTÁ,3784,BOGOTÁ,1,DISTRITO BOGOTÁ,101,ZONA BOGOTÁ,0,25109,EMBAJADA,1,227,3,1
53,COSTA RICA,51,SAN JOSÉ,1,SAN JOSÉ,1,SAN JOSÉ,3794,SAN JOSÉ,1,DISTRITO SAN JOSE,101,ZONA SAN JOSE,0,25119,EMBAJADA,1,143,2,0
55,CUBA,52,LA HABANA,1,LA HABANA,1,LA HABANA,3795,LA HABANA,1,DISTRITO LA HABANA,101,ZONA LA HABANA,0,26116,EMBAJADA,2,399,1,2
61,ECUADOR,42,PICHINCHA,1,QUITO,1,QUITO,3785,QUITO,1,DISTRITO QUITO,101,ZONA QUITO,0,25110,EMBAJADA,1,226,1,0
63,EGIPTO,67,EL CAIRO,1,EL CAIRO,1,EL CAIRO,3810,EL CAIRO,1,DISTRITO EL CAIRO,101,ZONA EL CAIRO,0,25135,EMBAJADA,1,14,0,0
67,ESPAÑA,30,ANDALUCIA,8,GRANADA,1,GRANADA,4392,GRANADA,1,DISTRITO MALAGA,1,ZONA MALAGA,0,26105,POR DEFINIR - ZONA GRANADA,4,809,5,0
67,ESPAÑA,30,ANDALUCIA,7,MALAGA,1,MALAGA,4392,MALAGA,1,DISTRITO MALAGA,1,ZONA MALAGA,0,26104,POR DEFINIR - ZONA MÁLAGA,2,275,2,0
67,ESPAÑA,30,ANDALUCIA,6,SEVILLA,1,SEVILLA,3773,SEVILLA,1,DISTRITO SEVILLA,101,ZONA SEVILLA,0,25098,CENTRO SOCIAL POLIVALENTE HOGAR VIRGEN DE LOS REYES,16,3623,3,5
67,ESPAÑA,16,CATALUÑA,2,BARCELONA,1,BARCELONA,3617,BARCELONA,1,DISTRITO BARCELONA,101,ZONA A,0,25073,CEM OLIMPICS (VALL D’HEBRON),40,9455,12,37
67,ESPAÑA,16,CATALUÑA,2,BARCELONA,1,BARCELONA,3617,BARCELONA,1,DISTRITO BARCELONA,102,ZONA B,0,25074,PABELLON MUNICIPAL DE DEPORTES,37,8669,15,47
67,ESPAÑA,16,CATALUÑA,2,BARCELONA,1,BARCELONA,3617,BARCELONA,1,DISTRITO BARCELONA,103,ZONA C,0,25075,SALA POLIVALENT DEL PARC DEL NORD,16,3647,5,11
67,ESPAÑA,29,EUSKADI,5,VIZCAYA,1,BILBAO,3772,BILBAO,1,DISTRITO BILBAO,101,ZONA BILBAO,0,25097,PALACIO EUSKALDUNA,29,6807,18,10
67,ESPAÑA,31,ISLAS BALEARES,7,PALMA DE MALLORCA,1,PALMA DE MALLORCA,3774,PALMA DE MALLORCA,1,DISTRITO PALMA DE MALLORCA,101,ZONA PALMA DE MALLORCA,0,26117,CENTRO EDUCATIVO INFANTIL Y PRIMARIA CEIP AINA MOLL I MARQUES,10,2388,6,1
67,ESPAÑA,15,MADRID,1,MADRID,1,MADRID,3616,MADRID,1,DISTRITO MADRID,101,ZONA A,0,25070,INSTITUTO DE ENSEÑANZA SUPERIOR(IES) CERVANTES,37,8751,22,45
67,ESPAÑA,15,MADRID,1,MADRID,1,MADRID,3616,MADRID,1,DISTRITO MADRID,102,ZONA B,0,25071,COLEGIO PÚBLICO REPÚBLICA DEL URUGUAY,17,3949,7,19
67,ESPAÑA,15,MADRID,1,MADRID,1,MADRID,3616,MADRID,1,DISTRITO MADRID,103,ZONA C,0,25072,COLEGIO PÚBLICO JORGE MANRIQUE,32,7444,25,30
67,ESPAÑA,27,MURCIA,4,MURCIA,1,MURCIA,3770,MURCIA,1,DISTRITO MURCIA,101,ZONA MURCIA,0,26118,CAMARA DE COMERCIO DE MURCIA,32,7576,21,28
67,ESPAÑA,17,VALENCIA,3,VALENCIA,1,VALENCIA,3618,VALENCIA,1,DISTRITO VALENCIA,101,ZONA A,0,25076,UNIVERSIDAD POLITÉCNICA DE VALENCIA,39,9213,13,55
62,ESTADOS UNIDOS,25,CALIFORNIA,5,LOS ANGELES,1,LOS ANGELES,3768,LOS ANGELES,1,DISTRITO SANTA ANA,101,ZONA SANTA ANA,0,25093,ORANGE COUNTY EDUCATIONAL ARTS ACADEMY,2,478,2,2
62,ESTADOS UNIDOS,24,DIST. COLUMBIA,4,WASHINGTON D.C.,1,WASHINGTON D.C.,3767,WASHINGTON D.C.,1,DISTRITO WASHINGTON D.C.,101,ZONA WASHINGTON D.C.,0,25092,CONSULADO,1,251,1,7
62,ESTADOS UNIDOS,26,FLORIDA,6,MIAMI-DADE,1,MIAMI-DADE,3769,MIAMI,1,DISTRITO MIRAMAR,101,ZONA MIRAMAR,0,25094,SISTEMA UNIVERSITARIO ANA  G. MENDEZ,4,780,8,8
62,ESTADOS UNIDOS,19,MARYLAND,3,MONTGOMERY,1,MONTGOMERY,3620,WHEATON,1,DISTRITO WHEATON,101,ZONA WHEATON,0,25085,SISTEMA UNIVERSITARIO ANA  G. MENDEZ,8,1737,8,17
62,ESTADOS UNIDOS,81,NEW JERSEY,8,NEW JERSEY,1,PASSAIC,3895,PASSAIC,1,DISTRITO PASSAIC,101,ZONA PASSAIC,0,25153,ST. JOHN LUTHERAN CHURCH OF PASSAIC,3,599,0,5
62,ESTADOS UNIDOS,14,NEW YORK,2,NEW YORK,1,NEW YORK,3615,NEW YORK,1,DISTRITO QUEENS,101,ZONA QUEENS,0,25069,PUBLIC SCHOOL 69,5,1127,3,9
62,ESTADOS UNIDOS,80,RODHE ISLAND,7,RODHE ISLAND,1,PROVIDENCE,3894,PROVIDENCE,1,DISTRITO PROVIDENCE,101,ZONA PROVIDENCE,0,25152,PROVIDENCE CITY HALL,2,468,1,5
62,ESTADOS UNIDOS,86,TEXAS,9,HARRIS,1,HARRIS,4074,HOUSTON,1,DISTRITO HOUSTON,101,ZONA HOUSTON,0,26119,CONSULADO GENERAL HOUSTON,2,445,3,0
62,ESTADOS UNIDOS,13,VIRGINIA,1,ARLINGTON,1,ARLINGTON,3614,ARLINGTON,1,DISTRITO ARLINGTON,101,ZONA VIRGINIA,0,25300,DREW MODEL ELEMENTARY SCHOOL,10,2329,3,26
62,ESTADOS UNIDOS,13,VIRGINIA,1,ARLINGTON,1,ARLINGTON,3614,ARLINGTON,1,DISTRITO ARLINGTON,101,ZONA VIRGINIA,0,25301,WAKEFIELD HIGH SCHOOL,14,3131,7,21
62,ESTADOS UNIDOS,13,VIRGINIA,2,FAIRFAX,1,FAIRFAX,4156,FAIRFAX,1,DISTRITO FAIRFAX,1,ZONA FAIRFAX,0,25068,PENINO BUILDING,15,3409,8,22
74,FRANCIA,59,ILE DE FRANCE,1,PARÍS,1,PARÍS,3802,PARÍS,1,DISTRITO PARIS,101,ZONA PARIS,0,25127,EMBAJADA,4,774,1,1
108,GRAN BRETAÑA,64,INGLATERRA,1,INGLATERRA,1,LONDRES,3807,LONDRES,1,DISTRITO LONDRES,101,ZONA LONDRES,0,25132,"ETC. VENUES, ELEPHANT & CASTLE, AVONMOUTH HOUSE",7,1640,4,7
107,INDIA,68,DELHI,1,DELHI,1,NUEVA DELHI,3811,NUEVA DELHI,1,DISTRITO NUEVA DELHI,101,ZONA NUEVA DELHI,0,25136,EMBAJADA,1,9,0,0
114,IRÁN,69,TEHERAN,1,TEHERÁN,1,TEHERAN,3812,TEHERÁN,1,DISTRITO TEHERAN,101,ZONA TEHERAN,0,25137,EMBAJADA,1,11,0,0
124,ITALIA,56,LAZIO,1,ROMA,1,ROMA,3799,ROMA,1,DISTRITO ROMA,101,ZONA ROMA,0,25124,IGLESIA SANTA MARIA ADOLORATTA,4,810,2,2
124,ITALIA,57,LOMBARDIA,2,BERGAMO,1,BERGAMO,3800,BERGAMO,1,DISTRITO BERGAMO,101,ZONA BERGAMO,0,25125,INSTITUTO PARITARIO IMIBERG,14,3229,6,9
124,ITALIA,57,LOMBARDIA,3,MILAN,1,MILÁN,3801,MILÁN,1,DISTRITO MILAN,101,ZONA MILAN,0,25126,LICEO LINGUISTICO MANZONI,11,2562,13,8
129,JAPÓN,71,KANTO,1,TOKIO,1,TOKIO,3814,TOKIO,1,DISTRITO TOKIO,101,ZONA TOKIO,0,25139,EMBAJADA,1,249,2,0
154,MÉXICO,54,MEXICO D.F.,1,MÉXICO D.F.,1,MÉXICO D.F.,3797,MÉXICO D.F.,1,DISTRITO MEXICO D.F.,101,ZONA MEXICO D.F.,0,25122,EMBAJADA,2,372,1,1
171,NICARAGUA,95,MANAGUA,1,MANAGUA,1,MANAGUA,4390,MANAGUA,1,DISTRITO MANAGUA,1,MANAGUA,0,26102,EMBAJADA,1,34,0,0
91,PAISES BAJOS,63,HOLANDA,1,HOLANDA,1,LA HAYA,3806,LA HAYA,1,DISTRITO LA HAYA,101,ZONA LA HAYA,0,25131,EMBAJADA,1,133,0,0
180,PANAMÁ,53,PANAMÁ,1,PANAMÁ,1,PANAMÁ,3796,PANAMÁ,1,DISTRITO PANAMÁ,101,ZONA PANAMÁ,0,25121,EMBAJADA,1,152,1,1
181,PARAGUAY,43,DIST. CAPITAL,1,DISTRITO CAPITAL,1,ASUNCIÓN,3786,ASUNCIÓN,1,DISTRITO ASUNCIÓN,101,ZONA ASUNCIÓN,0,25111,EMBAJADA,2,485,4,3
182,PERÚ,45,CUSCO,2,CUSCO,1,CUSCO,3788,CUSCO,1,DISTRITO CUZCO,101,ZONA CUZCO,0,25113,CONSULADO DE BOLIVIA,1,97,0,0
182,PERÚ,44,LIMA,1,LIMA,1,LIMA,3787,LIMA,1,DISTRITO LIMA,101,ZONA LIMA,0,25112,CONSULADO,3,603,3,1
182,PERÚ,48,MOQUEGUA,5,MOQUEGUA,1,ILO,3791,ILO,1,DISTRITO ILO,101,ZONA ILO,0,25116,CONSULADO,1,69,0,0
182,PERÚ,46,PUNO,3,PUNO,1,PUNO,3789,PUNO,1,DISTRITO PUNO,101,ZONA PUNO,0,25114,CONSULADO,1,156,2,0
182,PERÚ,47,TACNA,4,TACNA,1,TACNA,3790,TACNA,1,DISTRITO TACNA,101,ZONA TACNA,0,25115,I. E. 42010 SANTISIMA NIÑA MARIA,1,222,2,0
52,REPÚBLICA DE COREA DEL SUR,73,SEÚL,1,SEÚL,1,SEÚL,3816,SEÚL,1,DISTRITO SEUL,101,ZONA SEUL,0,25141,EMBAJADA,1,28,0,0
194,RUSIA,72,DISTR. FEDERAL,1,MOSCÚ,1,MOSCÚ,3815,MOSCÚ,1,DISTRITO MOSCU,101,ZONA MOSCU,0,25140,EMBAJADA,1,173,0,0
212,SUECIA,66,ESTOCOLMO,1,ESTOCOLMO,1,ESTOCOLMO,3809,ESTOCOLMO,1,DISTRITO ESTOCOLMO,101,ZONA ESTOCOLMO,0,26124,ABF BILDNING & KULTUR,3,497,2,0
213,SUIZA,77,GINEBRA,1,GINEBRA,1,GINEBRA,3820,GINEBRA,1,DISTRITO GINEBRA,101,ZONA GINEBRA,0,26120,CENTRO SOLIDARIO PAQUIS,6,1309,8,3
233,URUGUAY,49,MONTEVIDEO,1,MONTEVIDEO,1,MONTEVIDEO,3792,MONTEVIDEO,1,DISTRITO MONTEVIDEO,101,ZONA MONTEVIDEO,0,25117,EMBAJADA,1,202,0,0
237,VENEZUELA,50,DISTR. FEDERAL,1,CARACAS,1,CARACAS,3793,CARACAS,1,DISTRITO CARACAS,101,ZONA CARACAS,0,25118,ESCUELA EXPERIMENTAL VENEZUELA,1,230,3,2
NA,NA,TOTALES,NA,NA,NA,NA,NA,NA,NA,NA,NA,NA,NA,NA,NA,NA,1507,341001,1531,1629
